axis,ligand,receptor,resource_support,omnipath_sources,omnipath_references,curation_effort,has_omnipath_support
CCL_CCR,CCL2,CCR1,manual_axis_pair;omnipath_ligrecextra,Baccin2019;CellCall;CellTalkDB;Cellinker;DIP;DLRP_Cellinker;DLRP_talklr;Fantom5_LRdb;HINT;HPMR;HPMR_Cellinker;HPMR_LRdb;HPMR_talklr;HPRD;HPRD_LRdb;HPRD_talklr;InnateDB;LRdb;Ramilowski2015;Ramilowski2015_Baccin2019;STRING_talklr;Wang;connectomeDB2020;iTALK;talklr,Baccin2019:76793288631787;CellTalkDB:10699158;Cellinker:7679328;Cellinker:8631787;DIP:9115216;HINT:8631787;HINT:9115216;HPMR:7679328;HPRD:8631787;InnateDB:9115216;LRdb:10699158;connectomeDB2020:7679328;connectomeDB2020:8631787,13.0,True
CCL_CCR,CCL2,CCR2,manual_axis_pair;omnipath_ligrecextra,Baccin2019;CellCall;CellChatDB;CellPhoneDB;CellPhoneDB_Cellinker;CellTalkDB;Cellinker;DIP;DLRP_Cellinker;DLRP_talklr;Fantom5_LRdb;Guide2Pharma;Guide2Pharma_Cellinker;Guide2Pharma_LRdb;Guide2Pharma_talklr;HINT;HPMR;HPMR_Cellinker;HPMR_LRdb;HPMR_talklr;HPRD;HPRD_LRdb;HPRD_talklr;ICELLNET;InnateDB;KEGG-MEDICUS;Kirouac2010;LRdb;Ramilowski2015;Ramilowski2015_Baccin2019;SIGNOR;STRING_talklr;Wang;connectomeDB2020;iTALK;scConnect;talklr,Baccin2019:10529171;Baccin2019:10770925;Baccin2019:12554737;Baccin2019:15207250;Baccin2019:9276730;Baccin2019:9287323;Baccin2019:9346309;Cellinker:10529171;Cellinker:10770925;Cellinker:12554737;Cellinker:15207250;Cellinker:28389721;Cellinker:9276730;Cellinker:9287323;Cellinker:9346309;DIP:10488147;DIP:10770925;DIP:11470772;DIP:8530354;DIP:9115216;DIP:9169459;DIP:9312096;DIP:9336350;Guide2Pharma:10770925;Guide2Pharma:12554737;Guide2Pharma:15207250;Guide2Pharma:9276730;Guide2Pharma:9346309;HINT:10529171;HINT:11310855;HINT:15629146;HINT:35570218;HINT:7759884;HINT:8530354;HINT:9115216;HINT:9287323;HINT:9837883;HPMR:9287323;HPRD:10529171;HPRD:9287323;ICELLNET:22633458;InnateDB:10529171;InnateDB:11310855;InnateDB:15629146;InnateDB:7759884;InnateDB:8530354;InnateDB:9115216;InnateDB:9287323;InnateDB:9837883;LRdb:10699158;SIGNOR:20219869;connectomeDB2020:10529171;connectomeDB2020:10770925;connectomeDB2020:12554737;connectomeDB2020:15207250;connectomeDB2020:9276730;connectomeDB2020:9287323;connectomeDB2020:9346309;scConnect:10770925;scConnect:12554737;scConnect:15207250;scConnect:9276730;scConnect:9346309,63.0,True
CCL_CCR,CCL2,CCR5,manual_axis_pair;omnipath_ligrecextra,Baccin2019;CellCall;CellTalkDB;Cellinker;DIP;Fantom5_LRdb;Guide2Pharma;Guide2Pharma_Cellinker;Guide2Pharma_LRdb;Guide2Pharma_talklr;HPRD;HPRD_LRdb;HPRD_talklr;InnateDB;LRdb;Ramilowski2015;Ramilowski2015_Baccin2019;Wang;connectomeDB2020;iTALK;scConnect;talklr,Baccin2019:1629834510477710;CellTalkDB:16298345;Cellinker:10477718;Cellinker:16298345;DIP:10477718;Guide2Pharma:16298345;HPRD:10477718;InnateDB:10477718;LRdb:1;LRdb:16298345;connectomeDB2020:10477718;connectomeDB2020:16298345;scConnect:16298345,13.0,True
CCL_CCR,CCL3,CCR1,manual_axis_pair;omnipath_ligrecextra,Baccin2019;CellCall;CellChatDB;CellPhoneDB;CellPhoneDB_Cellinker;CellTalkDB;Cellinker;DIP;DLRP_Cellinker;DLRP_talklr;Fantom5_LRdb;Guide2Pharma;Guide2Pharma_Cellinker;Guide2Pharma_LRdb;Guide2Pharma_talklr;HINT;HPMR_Cellinker;HPMR_LRdb;HPMR_talklr;HPRD;HPRD_LRdb;HPRD_talklr;ICELLNET;InnateDB;Kirouac2010;LRdb;Ramilowski2015;Ramilowski2015_Baccin2019;SIGNOR;STRING_talklr;Wang;connectomeDB2020;iTALK;scConnect;talklr,Baccin2019:10202040;Baccin2019:10660125;Baccin2019:11170631;Baccin2019:12381680;Baccin2019:7545673;Baccin2019:8530354;Baccin2019:9115216;Baccin2019:9624164;Cellinker:10202040;Cellinker:10660125;Cellinker:11170631;Cellinker:12381680;Cellinker:7545673;Cellinker:8530354;Cellinker:9115216;Cellinker:9624164;DIP:10488147;DIP:10498628;DIP:10910894;DIP:7545673;DIP:7622448;DIP:8530354;DIP:9115216;DIP:9169459;DIP:9207005;DIP:9336350;DIP:9687537;Guide2Pharma:11170631;Guide2Pharma:12381680;Guide2Pharma:8530354;Guide2Pharma:9624164;HINT:10202040;HINT:10660125;HINT:12381680;HINT:7545673;HINT:8530354;HINT:9115216;HPRD:10202040;HPRD:10660125;HPRD:7545673;ICELLNET:22633458;InnateDB:12381680;InnateDB:23765404;InnateDB:7545673;InnateDB:8530354;InnateDB:9115216;LRdb:10699158;SIGNOR:10734056;SIGNOR:20219869;connectomeDB2020:10202040;connectomeDB2020:10660125;connectomeDB2020:11170631;connectomeDB2020:12381680;connectomeDB2020:7545673;connectomeDB2020:8530354;connectomeDB2020:9115216;connectomeDB2020:9624164;scConnect:11170631;scConnect:12381680;scConnect:8530354;scConnect:9624164,61.0,True
CCL_CCR,CCL3,CCR2,manual_axis_pair,,,,False
CCL_CCR,CCL3,CCR5,manual_axis_pair;omnipath_ligrecextra,Baccin2019;CellCall;CellChatDB;CellPhoneDB;CellPhoneDB_Cellinker;CellTalkDB;Cellinker;DIP;DLRP_Cellinker;DLRP_talklr;Fantom5_LRdb;Guide2Pharma;Guide2Pharma_Cellinker;Guide2Pharma_LRdb;Guide2Pharma_talklr;HINT;HPMR;HPMR_Cellinker;HPMR_LRdb;HPMR_talklr;HPRD;HPRD_LRdb;HPRD_talklr;ICELLNET;InnateDB;LRdb;Ramilowski2015;Ramilowski2015_Baccin2019;SIGNOR;STRING_talklr;Wang;connectomeDB2020;iTALK;scConnect;talklr,Baccin2019:10364178;Baccin2019:10477718;Baccin2019:11170631;Baccin2019:11700073;Baccin2019:11734558;Baccin2019:12964882;Baccin2019:16298345;Baccin2019:9790730;Cellinker:10477718;Cellinker:11170631;Cellinker:11700073;Cellinker:12964882;Cellinker:16298345;Cellinker:9790730;DIP:10477718;DIP:9169459;DIP:9334377;DIP:9468473;Guide2Pharma:11170631;Guide2Pharma:16298345;Guide2Pharma:9790730;HINT:10477718;HINT:11700073;HPMR:12964882;HPRD:10477718;HPRD:11700073;ICELLNET:22633458;InnateDB:10477718;InnateDB:23765404;LRdb:10699158;SIGNOR:15075201;SIGNOR:20219869;connectomeDB2020:10477718;connectomeDB2020:11170631;connectomeDB2020:11700073;connectomeDB2020:12964882;connectomeDB2020:16298345;connectomeDB2020:9790730;scConnect:11170631;scConnect:16298345;scConnect:9790730,41.0,True
CCL_CCR,CCL4,CCR1,manual_axis_pair;omnipath_ligrecextra,Baccin2019;CellCall;CellTalkDB;Cellinker;DIP;DLRP_Cellinker;DLRP_talklr;Fantom5_LRdb;Guide2Pharma;Guide2Pharma_Cellinker;Guide2Pharma_LRdb;Guide2Pharma_talklr;HINT;HPRD;HPRD_LRdb;HPRD_talklr;InnateDB;LRdb;Ramilowski2015;Ramilowski2015_Baccin2019;STRING_talklr;Wang;connectomeDB2020;iTALK;scConnect;talklr,Baccin2019:12381680;Baccin2019:7594543;Baccin2019:8530354;CellTalkDB:10699158;Cellinker:12381680;Cellinker:7594543;Cellinker:8530354;DIP:10910894;DIP:7545673;Guide2Pharma:12381680;Guide2Pharma:8530354;HINT:12381680;HINT:7594543;HPRD:7594543;InnateDB:12381680;LRdb:10699158;connectomeDB2020:12381680;connectomeDB2020:7594543;connectomeDB2020:8530354;scConnect:12381680;scConnect:8530354,21.0,True
CCL_CCR,CCL4,CCR2,manual_axis_pair,,,,False
CCL_CCR,CCL4,CCR5,manual_axis_pair;omnipath_ligrecextra,Baccin2019;CellCall;CellChatDB;CellPhoneDB;CellTalkDB;Cellinker;DIP;DLRP_Cellinker;DLRP_talklr;Fantom5_LRdb;Guide2Pharma;Guide2Pharma_Cellinker;Guide2Pharma_LRdb;Guide2Pharma_talklr;HINT;HPMR_Cellinker;HPMR_LRdb;HPMR_talklr;HPRD;HPRD_LRdb;HPRD_talklr;ICELLNET;InnateDB;Kirouac2010;LRdb;Lit-BM-17;Ramilowski2015;Ramilowski2015_Baccin2019;SIGNOR;SPIKE;SPIKE_LC;Wang;connectomeDB2020;iTALK;scConnect;talklr,Baccin2019:12427015;Baccin2019:12964882;Baccin2019:16298345;Baccin2019:8663314;Baccin2019:9790730;CellTalkDB:10699158;Cellinker:12427015;Cellinker:12964882;Cellinker:16298345;Cellinker:8663314;Cellinker:9790730;DIP:10477718;DIP:10498628;DIP:9334377;DIP:9468473;Guide2Pharma:16298345;Guide2Pharma:9790730;HINT:10477718;HINT:12427015;HINT:8663314;HPRD:12427015;HPRD:8663314;ICELLNET:22633458;InnateDB:10477718;InnateDB:12427015;InnateDB:16467191;LRdb:10699158;Lit-BM-17:10477718;Lit-BM-17:10498628;Lit-BM-17:23597562;Lit-BM-17:9334377;Lit-BM-17:9468473;SIGNOR:20219869;SPIKE:12427015;SPIKE:8663314;SPIKE_LC:12427015;SPIKE_LC:8663314;connectomeDB2020:12427015;connectomeDB2020:12964882;connectomeDB2020:16298345;connectomeDB2020:8663314;connectomeDB2020:9790730;scConnect:16298345;scConnect:9790730,44.0,True
CCL_CCR,CCL5,CCR1,manual_axis_pair;omnipath_ligrecextra,CellCall;CellChatDB;CellPhoneDB;CellPhoneDB_Cellinker;CellTalkDB;Cellinker;DIP;DLRP_Cellinker;DLRP_talklr;Fantom5_LRdb;Guide2Pharma;Guide2Pharma_Cellinker;Guide2Pharma_LRdb;Guide2Pharma_talklr;HINT;HPRD;HPRD_LRdb;HPRD_talklr;ICELLNET;InnateDB;Kirouac2010;LRdb;Ramilowski2015;SIGNOR;STRING_talklr;Wang;connectomeDB2020;iTALK;scConnect;talklr,Cellinker:11116158;Cellinker:12270118;Cellinker:14637022;Cellinker:7545673;Cellinker:8530354;Cellinker:9289016;Cellinker:9624164;DIP:10910894;DIP:7545673;DIP:7622448;DIP:8530354;DIP:9115216;DIP:9336350;Guide2Pharma:8530354;Guide2Pharma:9624164;HINT:11116158;HINT:11449371;HINT:12270118;HINT:14637022;HINT:7545673;HINT:8530354;HINT:9115216;HINT:9289016;HPRD:11116158;HPRD:12270118;HPRD:14637022;HPRD:7545673;HPRD:9289016;ICELLNET:22633458;InnateDB:7545673;InnateDB:8530354;InnateDB:9115216;LRdb:10699158;SIGNOR:10734056;connectomeDB2020:11116158;connectomeDB2020:12270118;connectomeDB2020:14637022;connectomeDB2020:7545673;connectomeDB2020:8530354;connectomeDB2020:9289016;connectomeDB2020:9624164;scConnect:8530354;scConnect:9624164,43.0,True
CCL_CCR,CCL5,CCR2,manual_axis_pair,,,,False
CCL_CCR,CCL5,CCR5,manual_axis_pair;omnipath_ligrecextra,BioGRID;CellCall;CellChatDB;CellPhoneDB;CellPhoneDB_Cellinker;CellTalkDB;Cellinker;DIP;DLRP_Cellinker;DLRP_talklr;Fantom5_LRdb;Guide2Pharma;Guide2Pharma_Cellinker;Guide2Pharma_LRdb;Guide2Pharma_talklr;HINT;HPMR_Cellinker;HPMR_LRdb;HPMR_talklr;HPRD;HPRD_LRdb;HPRD_talklr;ICELLNET;InnateDB;IntAct;KEGG-MEDICUS;LRdb;Lit-BM-17;ProtMapper;REACH_ProtMapper;Ramilowski2015;SIGNOR;SPIKE;SPIKE_LC;STRING_talklr;Wang;connectomeDB2020;iTALK;scConnect;talklr,BioGRID:14637022;Cellinker:10318947;Cellinker:10477718;Cellinker:11116158;Cellinker:12964882;Cellinker:14637022;Cellinker:16298345;Cellinker:8663314;Cellinker:9289016;Cellinker:9790730;DIP:10477718;DIP:10488147;DIP:9207005;DIP:9334377;Guide2Pharma:10318947;Guide2Pharma:16298345;Guide2Pharma:9790730;HINT:10477718;HINT:11116158;HINT:11449371;HINT:14637022;HINT:23480650;HINT:29619777;HINT:34134983;HINT:8663314;HINT:9289016;HPRD:10477718;HPRD:11116158;HPRD:14637022;HPRD:8663314;HPRD:9289016;ICELLNET:22633458;InnateDB:10477718;InnateDB:12213786;IntAct:23480650;IntAct:28381538;LRdb:10699158;Lit-BM-17:10477718;Lit-BM-17:10488147;Lit-BM-17:11116158;Lit-BM-17:11449371;Lit-BM-17:14637022;Lit-BM-17:23480650;Lit-BM-17:9207005;Lit-BM-17:9334377;ProtMapper:25923671;SIGNOR:38339310;SPIKE:10477718;SPIKE_LC:10477718;connectomeDB2020:10318947;connectomeDB2020:10477718;connectomeDB2020:11116158;connectomeDB2020:12964882;connectomeDB2020:14637022;connectomeDB2020:16298345;connectomeDB2020:8663314;connectomeDB2020:9289016;connectomeDB2020:9790730;scConnect:10318947;scConnect:16298345;scConnect:9790730,61.0,True
CXCL_CXCR,CXCL1,CXCR1,manual_axis_pair;omnipath_ligrecextra,Baccin2019;CellCall;CellChatDB;CellPhoneDB;CellPhoneDB_Cellinker;CellTalkDB;Cellinker;DIP;Fantom5_LRdb;Guide2Pharma_Cellinker;Guide2Pharma_LRdb;Guide2Pharma_talklr;HINT;HPMR_Cellinker;HPMR_LRdb;HPMR_talklr;HPRD;HPRD_LRdb;HPRD_talklr;ICELLNET;LRdb;Ramilowski2015;Ramilowski2015_Baccin2019;SPIKE_LC;STRING_talklr;UniProt_LRdb;Wang;connectomeDB2020;iTALK;scConnect;talklr,Baccin2019:10188995;Baccin2019:12964882;Baccin2019:129648828702798;Baccin2019:1379593;Baccin2019:8550564;Baccin2019:8702798;Baccin2019:8940121;Baccin2019:9260277;Cellinker:12964882;Cellinker:1379593;Cellinker:8702798;DIP:9195914;HINT:1379593;HINT:8702798;HPRD:1379593;HPRD:8702798;ICELLNET:1379593;LRdb:10699158;SPIKE_LC:16189514;connectomeDB2020:12964882;connectomeDB2020:1379593;connectomeDB2020:8702798;scConnect:1379593,23.0,True
CXCL_CXCR,CXCL1,CXCR2,manual_axis_pair;omnipath_ligrecextra,Baccin2019;CellCall;CellChatDB;CellPhoneDB;CellPhoneDB_Cellinker;CellTalkDB;Cellinker;DIP;DLRP_Cellinker;DLRP_talklr;Fantom5_LRdb;Guide2Pharma;Guide2Pharma_Cellinker;Guide2Pharma_LRdb;Guide2Pharma_talklr;HINT;HPRD;HPRD_LRdb;HPRD_talklr;ICELLNET;InnateDB;Kirouac2010;LRdb;Ramilowski2015;Ramilowski2015_Baccin2019;SIGNOR;SPIKE_LC;STRING_talklr;Wang;connectomeDB2020;iTALK;scConnect;talklr,Baccin2019:10188995;Baccin2019:12964882;Baccin2019:129648828702798;Baccin2019:1379593;Baccin2019:8550564;Baccin2019:8702798;Baccin2019:8940121;Baccin2019:9260277;Cellinker:10188995;Cellinker:1379593;Cellinker:28389721;Cellinker:8550564;Cellinker:8702798;Cellinker:8940121;DIP:10216072;DIP:8550564;DIP:9195914;Guide2Pharma:10188995;Guide2Pharma:1379593;Guide2Pharma:8940121;HINT:12549928;HINT:12628493;HINT:1379593;HINT:7592830;HINT:8550564;HINT:8662882;HINT:8702798;HINT:8940121;HINT:9126332;HPRD:1379593;HPRD:8550564;HPRD:8702798;HPRD:8940121;ICELLNET:22633458;ICELLNET:24218476;ICELLNET:8702798;InnateDB:12549928;InnateDB:12628493;InnateDB:7592830;InnateDB:8662882;InnateDB:8702798;InnateDB:9126332;LRdb:10699158;SIGNOR:38309677;SPIKE_LC:16189514;connectomeDB2020:10188995;connectomeDB2020:1379593;connectomeDB2020:8550564;connectomeDB2020:8702798;connectomeDB2020:8940121;scConnect:10188995;scConnect:1379593;scConnect:8940121,53.0,True
CXCL_CXCR,CXCL1,CXCR4,manual_axis_pair,,,,False
CXCL_CXCR,CXCL12,CXCR1,manual_axis_pair,,,,False
CXCL_CXCR,CXCL12,CXCR2,manual_axis_pair,,,,False
CXCL_CXCR,CXCL12,CXCR4,manual_axis_pair;omnipath_ligrecextra,BioGRID;CellCall;CellChatDB;CellPhoneDB;CellPhoneDB_Cellinker;CellTalkDB;Cellinker;Cui2007;DLRP_Cellinker;DLRP_talklr;Fantom5_LRdb;Guide2Pharma;Guide2Pharma_Cellinker;Guide2Pharma_LRdb;Guide2Pharma_talklr;HINT;HPMR;HPMR_Cellinker;HPMR_LRdb;HPMR_talklr;HPRD;HPRD_LRdb;HPRD_talklr;ICELLNET;InnateDB;KEGG-MEDICUS;Kirouac2010;LRdb;ProtMapper;Ramilowski2015;SIGNOR;STRING_talklr;Sparser_ProtMapper;Wang;connectomeDB2020;iTALK;scConnect;talklr,BioGRID:21757744;BioGRID:25495026;Cellinker:10233851;Cellinker:12714578;Cellinker:18448868;Cellinker:8752280;Cellinker:8752281;Cellinker:9551924;Cellinker:9712844;Guide2Pharma:16626895;Guide2Pharma:18648536;Guide2Pharma:30476826;Guide2Pharma:9551924;Guide2Pharma:9712844;HINT:18799424;HINT:19837984;HINT:21757744;HINT:28325822;HPMR:8752280;HPRD:10233851;HPRD:8752281;ICELLNET:22633458;InnateDB:16725153;InnateDB:19837984;LRdb:10699158;ProtMapper:21465240;ProtMapper:24023874;SIGNOR:11859124;connectomeDB2020:10233851;connectomeDB2020:12714578;connectomeDB2020:8752280;connectomeDB2020:8752281;connectomeDB2020:9551924;connectomeDB2020:9712844;scConnect:16626895;scConnect:18648536;scConnect:30476826;scConnect:9551924;scConnect:9712844,39.0,True
CXCL_CXCR,CXCL2,CXCR1,manual_axis_pair;omnipath_ligrecextra,Baccin2019;CellCall;CellChatDB;CellTalkDB;Cellinker;Fantom5_LRdb;HPMR_Cellinker;HPMR_LRdb;HPMR_talklr;HPRD;HPRD_LRdb;HPRD_talklr;LRdb;Ramilowski2015;Ramilowski2015_Baccin2019;SPIKE_LC;Wang;connectomeDB2020;iTALK;talklr,Baccin2019:10188995;Baccin2019:12964882;Baccin2019:129648828702798;Baccin2019:1379593;Baccin2019:8550564;Baccin2019:8702798;Baccin2019:8940121;Baccin2019:9260277;CellTalkDB:12964882;Cellinker:12964882;Cellinker:9260277;HPRD:9260277;LRdb:12964882;LRdb:93;SPIKE_LC:16189514;connectomeDB2020:12964882;connectomeDB2020:9260277,17.0,True
CXCL_CXCR,CXCL2,CXCR2,manual_axis_pair;omnipath_ligrecextra,Baccin2019;CellCall;CellChatDB;CellPhoneDB;CellPhoneDB_Cellinker;CellTalkDB;Cellinker;DIP;DLRP_Cellinker;DLRP_talklr;Fantom5_LRdb;Guide2Pharma;Guide2Pharma_Cellinker;Guide2Pharma_LRdb;Guide2Pharma_talklr;HINT;HPMR;HPRD;HPRD_LRdb;HPRD_talklr;ICELLNET;Kirouac2010;LRdb;Ramilowski2015;Ramilowski2015_Baccin2019;SIGNOR;SPIKE_LC;Wang;connectomeDB2020;iTALK;scConnect;talklr,Baccin2019:10188995;Baccin2019:12964882;Baccin2019:129648828702798;Baccin2019:1379593;Baccin2019:8550564;Baccin2019:8702798;Baccin2019:8940121;Baccin2019:9260277;Cellinker:8702798;Cellinker:9260277;DIP:8702798;Guide2Pharma:8702798;HINT:8702798;HINT:9260277;HPMR:12964882;HPRD:8702798;HPRD:9260277;ICELLNET:22633458;ICELLNET:8702798;LRdb:10699158;SIGNOR:38309677;SPIKE_LC:16189514;connectomeDB2020:8702798;connectomeDB2020:9260277;scConnect:8702798,25.0,True
CXCL_CXCR,CXCL2,CXCR4,manual_axis_pair,,,,False
CXCL_CXCR,CXCL3,CXCR1,manual_axis_pair;omnipath_ligrecextra,Baccin2019;CellCall;CellChatDB;CellTalkDB;Cellinker;Fantom5_LRdb;HPMR_Cellinker;HPMR_LRdb;HPMR_talklr;HPRD;HPRD_LRdb;HPRD_talklr;LRdb;Ramilowski2015;Ramilowski2015_Baccin2019;SPIKE_LC;Wang;connectomeDB2020;iTALK;talklr,Baccin2019:10188995;Baccin2019:12964882;Baccin2019:129648828702798;Baccin2019:1379593;Baccin2019:8550564;Baccin2019:8702798;Baccin2019:8940121;Baccin2019:9260277;CellTalkDB:12964882;Cellinker:12964882;Cellinker:8702798;HPRD:8702798;LRdb:12964882;LRdb:87;SPIKE_LC:16189514;connectomeDB2020:12964882;connectomeDB2020:8702798,17.0,True
CXCL_CXCR,CXCL3,CXCR2,manual_axis_pair;omnipath_ligrecextra,Baccin2019;CellCall;CellChatDB;CellPhoneDB;CellPhoneDB_Cellinker;CellTalkDB;Cellinker;DIP;DLRP_Cellinker;DLRP_talklr;Fantom5_LRdb;Guide2Pharma;Guide2Pharma_Cellinker;Guide2Pharma_LRdb;Guide2Pharma_talklr;HPRD;HPRD_LRdb;HPRD_talklr;ICELLNET;Kirouac2010;LRdb;Ramilowski2015;Ramilowski2015_Baccin2019;SIGNOR;SPIKE_LC;STRING_talklr;Wang;connectomeDB2020;iTALK;scConnect;talklr,Baccin2019:10188995;Baccin2019:12964882;Baccin2019:129648828702798;Baccin2019:1379593;Baccin2019:8550564;Baccin2019:8702798;Baccin2019:8940121;Baccin2019:9260277;Cellinker:8702798;DIP:8702798;Guide2Pharma:8702798;HPRD:8702798;ICELLNET:22633458;ICELLNET:8702798;LRdb:10699158;SIGNOR:38309677;SPIKE_LC:16189514;connectomeDB2020:8702798;scConnect:8702798,19.0,True
CXCL_CXCR,CXCL3,CXCR4,manual_axis_pair,,,,False
CXCL_CXCR,CXCL8,CXCR1,manual_axis_pair;omnipath_ligrecextra,CellCall;CellChatDB;CellPhoneDB;CellPhoneDB_Cellinker;CellTalkDB;Cellinker;DIP;DLRP_talklr;Fantom5_LRdb;Guide2Pharma;Guide2Pharma_LRdb;Guide2Pharma_talklr;HINT;HPMR_LRdb;HPMR_talklr;HPRD;HPRD_LRdb;HPRD_talklr;ICELLNET;InnateDB;LRdb;Lit-BM-17;Ramilowski2015;SIGNOR;STRING_talklr;UniProt_LRdb;Wang;connectomeDB2020;iTALK;scConnect;talklr,CellTalkDB:1379593;Cellinker:10188995;Cellinker:1379593;Cellinker:15282370;Cellinker:15946947;Cellinker:1840701;Cellinker:8137938;Cellinker:8940121;DIP:10206993;DIP:10368283;DIP:8550564;DIP:9195914;DIP:9553055;DIP:9725262;Guide2Pharma:10188995;Guide2Pharma:1379593;Guide2Pharma:15282370;Guide2Pharma:15946947;Guide2Pharma:8940121;HINT:10368283;HINT:12628493;HINT:1840701;HINT:37433790;HINT:8245475;HINT:8662882;HINT:8702798;HINT:9485196;HPRD:1840701;ICELLNET:1840701;InnateDB:10368283;InnateDB:12628493;InnateDB:1840701;InnateDB:8245475;InnateDB:8662882;InnateDB:8702798;InnateDB:9485196;LRdb:10188995;LRdb:10699158;LRdb:1379593;LRdb:15282370;LRdb:15946947;LRdb:1840701;LRdb:8137938;LRdb:8940121;Lit-BM-17:10206993;Lit-BM-17:10368283;Lit-BM-17:8550564;Lit-BM-17:9195914;Lit-BM-17:9553055;Lit-BM-17:9725262;SIGNOR:11350788;connectomeDB2020:10188995;connectomeDB2020:1379593;connectomeDB2020:15282370;connectomeDB2020:15946947;connectomeDB2020:1840701;connectomeDB2020:8137938;connectomeDB2020:8940121;scConnect:10188995;scConnect:1379593;scConnect:15282370;scConnect:15946947;scConnect:22262769;scConnect:8940121,64.0,True
CXCL_CXCR,CXCL8,CXCR2,manual_axis_pair;omnipath_ligrecextra,CellCall;CellChatDB;CellPhoneDB;CellPhoneDB_Cellinker;CellTalkDB;Cellinker;DIP;DLRP_talklr;Fantom5_LRdb;Guide2Pharma;Guide2Pharma_LRdb;Guide2Pharma_talklr;HINT;HPMR_LRdb;HPMR_talklr;HPRD;HPRD_LRdb;HPRD_talklr;ICELLNET;InnateDB;IntAct;KEGG-MEDICUS;Kirouac2010;LRdb;Lit-BM-17;Ramilowski2015;SIGNOR;STRING_talklr;Wang;connectomeDB2020;iTALK;scConnect;talklr,CellTalkDB:1379593;Cellinker:10188995;Cellinker:11511101;Cellinker:1379593;Cellinker:15282370;Cellinker:15946947;Cellinker:8626516;Cellinker:8702798;Cellinker:8940121;Cellinker:9464567;DIP:10206993;DIP:10216072;DIP:22904195;DIP:7559482;DIP:8550564;DIP:9195914;DIP:9553055;DIP:9725262;Guide2Pharma:10188995;Guide2Pharma:1379593;Guide2Pharma:15282370;Guide2Pharma:15946947;Guide2Pharma:8940121;HINT:12628493;HINT:19190236;HINT:22904195;HINT:23597562;HINT:32610344;HINT:7592830;HINT:8245475;HINT:8626516;HINT:8662882;HINT:8702798;HINT:9126332;HINT:9464567;HINT:9485196;HPRD:8626516;HPRD:8702798;HPRD:9464567;ICELLNET:1891716;InnateDB:12628493;InnateDB:19190236;InnateDB:7592830;InnateDB:8245475;InnateDB:8662882;InnateDB:8702798;InnateDB:9126332;InnateDB:9464567;InnateDB:9485196;IntAct:22904195;IntAct:23597562;LRdb:10188995;LRdb:10699158;LRdb:1379593;LRdb:15282370;LRdb:15946947;LRdb:8626516;LRdb:8702798;LRdb:8940121;LRdb:9464567;Lit-BM-17:10206993;Lit-BM-17:10216072;Lit-BM-17:23597562;Lit-BM-17:7559482;Lit-BM-17:8550564;Lit-BM-17:9195914;Lit-BM-17:9464567;Lit-BM-17:9553055;Lit-BM-17:9725262;SIGNOR:11350788;connectomeDB2020:10188995;connectomeDB2020:1379593;connectomeDB2020:15282370;connectomeDB2020:15946947;connectomeDB2020:8626516;connectomeDB2020:8702798;connectomeDB2020:8940121;connectomeDB2020:9464567;scConnect:10188995;scConnect:1379593;scConnect:15282370;scConnect:15946947;scConnect:8940121,83.0,True
CXCL_CXCR,CXCL8,CXCR4,manual_axis_pair,,,,False
FN1_integrin,FN1,ITGA4,manual_axis_pair;omnipath_ligrecextra,CellTalkDB;Fantom5_LRdb;HPMR;HPMR_LRdb;HPMR_talklr;HPRD;HPRD_LRdb;HPRD_talklr;LRdb;Lit-BM-17;Ramilowski2015;STRING_talklr;Wang;connectomeDB2020;iTALK;talklr,CellTalkDB:9842903;HPMR:9842903;HPRD:11010812;HPRD:9117345;LRdb:11010812;LRdb:9117345;LRdb:9842903;Lit-BM-17:19738201;connectomeDB2020:11010812;connectomeDB2020:9117345;connectomeDB2020:9842903,11.0,True
FN1_integrin,FN1,ITGA5,manual_axis_pair;omnipath_ligrecextra,BioGRID;CellTalkDB;ELM;EMBRACE;Fantom5_LRdb;HINT;HPMR;HPMR_LRdb;HPMR_talklr;HPRD;HPRD_LRdb;HPRD_talklr;IntAct;LMPID;LRdb;Lit-BM-17;Ramilowski2015;SPIKE_LC;STRING_talklr;Wang;connectomeDB2020;iTALK;talklr,BioGRID:1532572;CellTalkDB:23154389;ELM:1532572;ELM:1694173;ELM:17015452;ELM:17158881;ELM:18480047;ELM:19738201;ELM:22451694;ELM:24658351;ELM:27033701;ELM:6325925;ELM:9117344;HINT:1532572;HINT:22451694;HINT:25237190;HINT:26456826;HINT:33961781;HINT:33962943;HINT:7681433;HPMR:10772816;HPMR:1532572;HPRD:11801679;HPRD:1694173;HPRD:9211865;IntAct:16457822;LMPID:22451694;LRdb:10772816;LRdb:11423542;LRdb:11801679;LRdb:1532572;LRdb:1694173;LRdb:9211865;Lit-BM-17:1532572;Lit-BM-17:19738201;Lit-BM-17:20643357;Lit-BM-17:25237190;Lit-BM-17:26456826;SPIKE_LC:16457822;connectomeDB2020:10772816;connectomeDB2020:11423542;connectomeDB2020:11801679;connectomeDB2020:1532572;connectomeDB2020:1694173;connectomeDB2020:9211865,45.0,True
FN1_integrin,FN1,ITGAV,manual_axis_pair;omnipath_ligrecextra,CellTalkDB;ELM;EMBRACE;Fantom5_LRdb;HINT;LRdb;Lit-BM-17;Ramilowski2015;STRING_talklr;Wang;connectomeDB2020;iTALK;talklr,CellTalkDB:23154389;ELM:1532572;ELM:1694173;ELM:17015452;ELM:17158881;ELM:18480047;ELM:24658351;ELM:27033701;ELM:9117344;HINT:24658351;HINT:31964886;LRdb:23154389;Lit-BM-17:1694173;Lit-BM-17:19738201;Ramilowski2015:23154389;connectomeDB2020:23154389;talklr:23154389,17.0,True
FN1_integrin,FN1,ITGB1,manual_axis_pair;omnipath_ligrecextra,CA1;CellTalkDB;Cui2007;ELM;EMBRACE;Fantom5_LRdb;HINT;HPMR;HPMR_LRdb;HPMR_talklr;HPRD;HPRD_LRdb;HPRD_talklr;IntAct;LRdb;Lit-BM-17;Ramilowski2015;Reactome_LRdb;STRING_talklr;Wang;connectomeDB2020;iTALK;talklr,CA1:6284125;CellTalkDB:7626807;ELM:1532572;ELM:1694173;ELM:17015452;ELM:17158881;ELM:18480047;ELM:19738201;ELM:22451694;ELM:24658351;ELM:27033701;ELM:6325925;ELM:9117344;HINT:22451694;HINT:25237190;HINT:26456826;HINT:33962943;HINT:7681433;HPMR:10772816;HPMR:7626807;HPMR:9842903;HPRD:11010812;HPRD:8120056;IntAct:21985969;LRdb:10772816;LRdb:11010812;LRdb:7626807;LRdb:7688313;LRdb:8120056;LRdb:9842903;Lit-BM-17:19738201;Lit-BM-17:25237190;Lit-BM-17:26456826;connectomeDB2020:10772816;connectomeDB2020:11010812;connectomeDB2020:7626807;connectomeDB2020:7688313;connectomeDB2020:8120056;connectomeDB2020:9842903,39.0,True
FN1_integrin,FN1,ITGB3,manual_axis_pair;omnipath_ligrecextra,CellTalkDB;ELM;EMBRACE;Fantom5_LRdb;HINT;HPMR;HPMR_LRdb;HPMR_talklr;HPRD;HPRD_LRdb;HPRD_talklr;LRdb;Ramilowski2015;Reactome_LRdb;Wang;connectomeDB2020;iTALK;talklr,CellTalkDB:11423542;ELM:1532572;ELM:1694173;ELM:17015452;ELM:17158881;ELM:18480047;ELM:24658351;ELM:27033701;ELM:9117344;HINT:11478883;HINT:24658351;HINT:31964886;HPMR:8663002;HPRD:1694173;LRdb:11423542;LRdb:1694173;LRdb:8663002;connectomeDB2020:11423542;connectomeDB2020:1694173;connectomeDB2020:8663002,20.0,True
PDGF_PDGFR,PDGFA,PDGFRA,manual_axis_pair;omnipath_ligrecextra,Baccin2019;CellCall;CellChatDB;CellPhoneDB;CellTalkDB;Cellinker;DLRP_Cellinker;DLRP_talklr;EMBRACE;Fantom5_LRdb;HINT;HPMR_Cellinker;HPMR_LRdb;HPMR_talklr;HPRD;HPRD_LRdb;HPRD_talklr;ICELLNET;IntAct;KEGG-MEDICUS;LRdb;Lit-BM-17;Ramilowski2015;Ramilowski2015_Baccin2019;SIGNOR;STRING_talklr;SignaLink3;UniProt_LRdb;Wang;connectomeDB2020;iTALK;talklr,Baccin2019:152078112544881;CellChatDB:15207812;CellTalkDB:15207811;Cellinker:15207812;Cellinker:28267575;HINT:11297552;HINT:15767546;HINT:2544881;HINT:7679113;HPRD:2544881;ICELLNET:15207811;ICELLNET:9739761;IntAct:25241761;IntAct:7679113;LRdb:15207811;LRdb:25;Lit-BM-17:11297552;Lit-BM-17:15767546;Lit-BM-17:25241761;Lit-BM-17:2544881;Lit-BM-17:7679113;SIGNOR:11803579;SignaLink3:11803579;SignaLink3:21071413;SignaLink3:23331499;SignaLink3:2544881;connectomeDB2020:15207811;connectomeDB2020:2544881,28.0,True
PDGF_PDGFR,PDGFA,PDGFRB,manual_axis_pair;omnipath_ligrecextra,Baccin2019;CellCall;CellChatDB;CellTalkDB;Cellinker;Cui2007;EMBRACE;Fantom5_LRdb;KEGG-MEDICUS;Kirouac2010;LRdb;Lit-BM-17;Reactome_LRdb;STRING_talklr;UniProt_LRdb;Wang;iTALK;talklr,CellChatDB:15207812;CellTalkDB:25737405;Cellinker:15207812;Lit-BM-17:7679113,4.0,True
PDGF_PDGFR,PDGFB,PDGFRA,manual_axis_pair;omnipath_ligrecextra,CellCall;CellChatDB;CellPhoneDB;CellTalkDB;Cellinker;Cui2007;DLRP_Cellinker;DLRP_talklr;Fantom5_LRdb;HINT;HPMR_Cellinker;HPMR_LRdb;HPMR_talklr;HPRD;HPRD_LRdb;HPRD_talklr;ICELLNET;IntAct;KEGG-MEDICUS;Kirouac2010;LRdb;Lit-BM-17;Ramilowski2015;SIGNOR;SPIKE_LC;STRING_talklr;SignaLink3;UniProt_LRdb;Wang;connectomeDB2020;iTALK;talklr,CellChatDB:15207812;CellTalkDB:15207811;Cellinker:15207812;Cellinker:28267575;HINT:10806482;HINT:11297552;HINT:15767546;HINT:2544881;HINT:7679113;HINT:9677323;HPRD:2544881;ICELLNET:15207811;ICELLNET:9739761;IntAct:10806482;IntAct:7679113;LRdb:15207811;LRdb:25;Lit-BM-17:10806482;Lit-BM-17:11297552;Lit-BM-17:15767546;Lit-BM-17:2544881;Lit-BM-17:7679113;Lit-BM-17:9677323;SIGNOR:11331882;SPIKE_LC:16189514;SignaLink3:11803579;SignaLink3:18988627;SignaLink3:21071413;SignaLink3:23331499;SignaLink3:2544881;connectomeDB2020:15207811;connectomeDB2020:2544881,32.0,True
PDGF_PDGFR,PDGFB,PDGFRB,manual_axis_pair;omnipath_ligrecextra,CellCall;CellChatDB;CellPhoneDB;CellTalkDB;Cellinker;DIP;DLRP_Cellinker;DLRP_talklr;Fantom5_LRdb;HINT;HPMR;HPMR_Cellinker;HPMR_LRdb;HPMR_talklr;HPRD;HPRD_LRdb;HPRD_talklr;ICELLNET;IntAct;KEGG-MEDICUS;LRdb;Lit-BM-17;ProtMapper;Ramilowski2015;SIGNOR;SPIKE_LC;STRING_talklr;Sparser_ProtMapper;UniProt_LRdb;Wang;connectomeDB2020;iTALK;talklr,CellChatDB:15207812;CellTalkDB:2850496;Cellinker:15207812;Cellinker:28267575;DIP:11297552;DIP:20534510;HINT:10806482;HINT:11297552;HINT:17981115;HINT:20534510;HINT:20577048;HINT:7679113;HPMR:2850496;HPRD:11903042;ICELLNET:15207811;ICELLNET:9739761;IntAct:10806482;IntAct:11297552;IntAct:17981115;IntAct:20534510;IntAct:7679113;LRdb:119;LRdb:2850496;Lit-BM-17:10806482;Lit-BM-17:11297552;Lit-BM-17:17981115;Lit-BM-17:20577048;Lit-BM-17:7679113;ProtMapper:30150707;SIGNOR:11331882;SPIKE_LC:16189514;connectomeDB2020:11903042;connectomeDB2020:2850496,33.0,True
PDGF_PDGFR,PDGFC,PDGFRA,manual_axis_pair;omnipath_ligrecextra,Baccin2019;CellCall;CellChatDB;CellPhoneDB;CellTalkDB;Cellinker;DIP;EMBRACE;Fantom5_LRdb;HINT;HPMR;HPMR_Cellinker;HPMR_LRdb;HPMR_talklr;HPRD;HPRD_LRdb;HPRD_talklr;ICELLNET;IntAct;LRdb;Ramilowski2015;Ramilowski2015_Baccin2019;STRING_talklr;SignaLink3;Wang;connectomeDB2020;iTALK;talklr,Baccin2019:10806482;Baccin2019:11297552;Baccin2019:11342471;CellChatDB:15207812;CellTalkDB:10806482;Cellinker:15207812;Cellinker:28267575;DIP:11297552;DIP:20534510;HINT:10806482;HINT:11297552;HINT:20534510;HPMR:10806482;HPMR:15207811;HPRD:10806482;HPRD:11297552;HPRD:11342471;ICELLNET:15207811;ICELLNET:9739761;IntAct:10806482;IntAct:11297552;IntAct:20534510;LRdb:10806482;LRdb:11297552;LRdb:11342471;SignaLink3:10806482;SignaLink3:11297552;SignaLink3:11342471;SignaLink3:18988627;SignaLink3:21071413;SignaLink3:23331499;connectomeDB2020:10806482;connectomeDB2020:11297552;connectomeDB2020:11342471,34.0,True
PDGF_PDGFR,PDGFC,PDGFRB,manual_axis_pair;omnipath_ligrecextra,Baccin2019;CellCall;CellTalkDB;EMBRACE;Fantom5_LRdb;LRdb;STRING_talklr;SignaLink3;Wang;connectomeDB2020;iTALK;talklr,Baccin2019:19795151;CellTalkDB:32196115;SignaLink3:11297552;SignaLink3:23331499;connectomeDB2020:19795151,5.0,True
PDGF_PDGFR,PDGFD,PDGFRA,manual_axis_pair;omnipath_ligrecextra,Baccin2019;CellCall;CellTalkDB;EMBRACE;Fantom5_LRdb;LRdb;STRING_talklr;Wang;iTALK;talklr,CellTalkDB:32196115,1.0,True
PDGF_PDGFR,PDGFD,PDGFRB,manual_axis_pair;omnipath_ligrecextra,Baccin2019;CellCall;CellChatDB;CellPhoneDB;CellTalkDB;Cellinker;EMBRACE;Fantom5_LRdb;HPMR_Cellinker;HPMR_LRdb;HPMR_talklr;HPRD;HPRD_LRdb;HPRD_talklr;ICELLNET;LRdb;Ramilowski2015;Ramilowski2015_Baccin2019;STRING_talklr;SignaLink3;Wang;connectomeDB2020;iTALK;talklr,Baccin2019:1520781114514730;CellChatDB:15207812;CellTalkDB:15207811;Cellinker:15207812;Cellinker:28267575;HPRD:14514732;ICELLNET:11331881;LRdb:15;LRdb:15207811;SignaLink3:14514732;SignaLink3:21098708;SignaLink3:23331499;connectomeDB2020:14514732;connectomeDB2020:15207811,14.0,True
POSTN_integrin,POSTN,ITGA5,manual_axis_pair,,,,False
POSTN_integrin,POSTN,ITGA6,manual_axis_pair,,,,False
POSTN_integrin,POSTN,ITGAV,manual_axis_pair,,,,False
POSTN_integrin,POSTN,ITGB1,manual_axis_pair,,,,False
POSTN_integrin,POSTN,ITGB3,manual_axis_pair,,,,False
SPP1_CD44_integrin,SPP1,CD44,manual_axis_pair;omnipath_ligrecextra,CellChatDB;CellTalkDB;Cellinker;Fantom5_LRdb;HPMR_Cellinker;HPMR_LRdb;HPMR_talklr;HPRD;HPRD_LRdb;HPRD_talklr;ICELLNET;LRdb;Lit-BM-17;Ramilowski2015;SPIKE_LC;STRING_talklr;Wang;connectomeDB2020;iTALK;talklr,CellChatDB:21907263;CellTalkDB:10657301;Cellinker:10657301;Cellinker:12377945;Cellinker:21907263;HPRD:10657301;HPRD:12377945;ICELLNET:8560266;LRdb:10657301;LRdb:12;Lit-BM-17:20146103;Lit-BM-17:20549562;SPIKE_LC:16713569;connectomeDB2020:10657301;connectomeDB2020:12377945,15.0,True
SPP1_CD44_integrin,SPP1,ITGAV,manual_axis_pair;omnipath_ligrecextra,CellTalkDB;ELM;Fantom5_LRdb;HPMR_LRdb;HPMR_talklr;HPRD;HPRD_LRdb;HPRD_talklr;LRdb;Ramilowski2015;SPIKE_LC;Wang;connectomeDB2020;iTALK;talklr,CellTalkDB:10835423;ELM:27033701;ELM:7537271;ELM:7592829;HPRD:10835423;LRdb:10835423;SPIKE_LC:16713569;connectomeDB2020:10835423;connectomeDB2020:7592829,9.0,True
SPP1_CD44_integrin,SPP1,ITGB1,manual_axis_pair;omnipath_ligrecextra,CellTalkDB;ELM;Fantom5_LRdb;HPRD;HPRD_LRdb;HPRD_talklr;LMPID;LRdb;Ramilowski2015;Reactome_LRdb;Wang;connectomeDB2020;iTALK;talklr,CellTalkDB:10593924;ELM:27033701;ELM:7537271;ELM:7592829;HPRD:10593924;LMPID:8910476;LRdb:10593924;connectomeDB2020:10593924;connectomeDB2020:7592829,9.0,True
SPP1_CD44_integrin,SPP1,ITGB3,manual_axis_pair;omnipath_ligrecextra,CellTalkDB;ELM;LRdb;Reactome_LRdb;Wang;connectomeDB2020,CellTalkDB:32196115;ELM:27033701;ELM:7537271;ELM:7592829;connectomeDB2020:7592829,5.0,True
TGFB_TGFBR,TGFB1,TGFBR1,manual_axis_pair;omnipath_ligrecextra,Baccin2019;BioGRID;CellCall;CellTalkDB;Cui2007;DIP;DLRP_talklr;EMBRACE;Fantom5_LRdb;Guide2Pharma;HINT;HPMR;HPMR_LRdb;HPMR_talklr;HPRD;HPRD_LRdb;HPRD_talklr;Kirouac2010;LRdb;NetPath;Ramilowski2015;Ramilowski2015_Baccin2019;SIGNOR;SPIKE;SPIKE_LC;STRING_talklr;UniProt_LRdb;connectomeDB2020;iTALK;scConnect;talklr,Baccin2019:12809600;Baccin2019:8235612;BioGRID:8235612;CellTalkDB:12809600;DIP:10187774;DIP:7706250;HINT:15597342;HINT:20207738;HINT:7706250;HPMR:12809600;HPRD:8235612;LRdb:12809600;LRdb:82;NetPath:11323414;NetPath:8047140;SIGNOR:22326956;SIGNOR:22703233;SIGNOR:26194464;SPIKE:7852346;SPIKE_LC:7852346;connectomeDB2020:12809600;connectomeDB2020:8235612,22.0,True
TGFB_TGFBR,TGFB1,TGFBR2,manual_axis_pair;omnipath_ligrecextra,ACSN_SignaLink3;Baccin2019;CancerCellMap;CellCall;CellTalkDB;Cui2007;DIP;DLRP_talklr;EMBRACE;Fantom5_LRdb;Guide2Pharma;HINT;HPMR;HPMR_LRdb;HPMR_talklr;HPRD;HPRD_LRdb;HPRD_talklr;InnateDB;IntAct;LRdb;Lit-BM-17;NetPath;Ramilowski2015;Ramilowski2015_Baccin2019;SIGNOR;SPIKE;SPIKE_LC;STRING_talklr;SignaLink3;UniProt_LRdb;connectomeDB2020;iTALK;talklr,Baccin2019:10716993;Baccin2019:12809600;Baccin2019:7935686;CancerCellMap:11382746;CancerCellMap:12729750;CancerCellMap:8106553;CellTalkDB:10716993;DIP:10026191;DIP:7706250;DIP:7878020;DIP:9261125;HINT:10026191;HINT:20207738;HINT:20860622;HINT:21054789;HINT:21441952;HINT:35443807;HINT:7521335;HINT:7706250;HINT:7878020;HINT:8389764;HINT:9261125;HPMR:10716993;HPMR:12809600;HPRD:7935686;InnateDB:15034927;InnateDB:18382895;IntAct:20856203;IntAct:20860622;IntAct:21054789;IntAct:21441952;IntAct:35443807;LRdb:10716993;LRdb:12809600;LRdb:7935686;Lit-BM-17:10026191;Lit-BM-17:11157754;Lit-BM-17:20860622;Lit-BM-17:21054789;Lit-BM-17:7706250;Lit-BM-17:7878020;Lit-BM-17:8242742;Lit-BM-17:9261125;NetPath:11323414;NetPath:1333888;NetPath:8047140;SIGNOR:1310899;SIGNOR:26194464;SPIKE:11382746;SPIKE:7852346;SPIKE_LC:11382746;SPIKE_LC:7852346;SignaLink3:10678166;SignaLink3:11013220;SignaLink3:11133108;SignaLink3:11157754;SignaLink3:11274345;SignaLink3:11278410;SignaLink3:11279127;SignaLink3:11792802;SignaLink3:12154066;SignaLink3:12717440;SignaLink3:12724770;SignaLink3:12738796;SignaLink3:12767520;SignaLink3:12809600;SignaLink3:14557817;SignaLink3:15003992;SignaLink3:15099563;SignaLink3:15265520;SignaLink3:15282297;SignaLink3:15548370;SignaLink3:15653932;SignaLink3:15761148;SignaLink3:15761153;SignaLink3:16127449;SignaLink3:16200688;SignaLink3:16424049;SignaLink3:16446785;SignaLink3:16474430;SignaLink3:16572188;SignaLink3:17070508;SignaLink3:17404308;SignaLink3:17673906;SignaLink3:17768418;SignaLink3:17934056;SignaLink3:17979848;SignaLink3:18423981;SignaLink3:18490733;SignaLink3:18758450;SignaLink3:18855897;SignaLink3:18922473;SignaLink3:19010789;SignaLink3:19038247;SignaLink3:19050695;SignaLink3:19109155;SignaLink3:19732719;SignaLink3:19747910;SignaLink3:19920116;SignaLink3:20060931;SignaLink3:20519943;SignaLink3:20538542;SignaLink3:20616810;SignaLink3:20644162;SignaLink3:21041659;SignaLink3:21071413;SignaLink3:21098712;SignaLink3:21278795;SignaLink3:21372296;SignaLink3:21614932;SignaLink3:21900405;SignaLink3:22315516;SignaLink3:22703233;SignaLink3:22710166;SignaLink3:22874531;SignaLink3:22943793;SignaLink3:22949611;SignaLink3:23034983;SignaLink3:23070005;SignaLink3:23331499;SignaLink3:23784029;SignaLink3:24132110;SignaLink3:24336330;SignaLink3:24403530;SignaLink3:26192618;SignaLink3:26201938;SignaLink3:26966341;SignaLink3:2871107;SignaLink3:7594497;SignaLink3:8515656;SignaLink3:9311995;SignaLink3:9865696;connectomeDB2020:10716993;connectomeDB2020:12809600;connectomeDB2020:7935686,135.0,True
TGFB_TGFBR,TGFB1,TGFBR3,manual_axis_pair;omnipath_ligrecextra,CellPhoneDB;CellTalkDB;Cellinker;Cui2007;DIP;DLRP_Cellinker;DLRP_talklr;Fantom5_LRdb;Guide2Pharma;HPRD;HPRD_LRdb;HPRD_talklr;LRdb;Lit-BM-17;NetPath;Ramilowski2015;SPIKE;SPIKE_LC;STRING_talklr;UniProt_LRdb;Wang;connectomeDB2020;iTALK;talklr,CellTalkDB:7935686;Cellinker:7935686;DIP:10519421;DIP:11323414;DIP:9312157;HPRD:7935686;LRdb:7935686;Lit-BM-17:10519421;Lit-BM-17:11323414;Lit-BM-17:8106553;Lit-BM-17:9312157;NetPath:11278442;NetPath:11323414;SPIKE:11278442;SPIKE:8106553;SPIKE_LC:11278442;SPIKE_LC:8106553;connectomeDB2020:7935686,18.0,True
TGFB_TGFBR,TGFB2,TGFBR1,manual_axis_pair;omnipath_ligrecextra,Baccin2019;CellCall;CellTalkDB;Cui2007;DIP;DLRP_talklr;EMBRACE;Fantom5_LRdb;Guide2Pharma;HPMR;HPMR_LRdb;HPMR_talklr;HPRD;HPRD_LRdb;HPRD_talklr;Kirouac2010;LRdb;NetPath;Ramilowski2015;Ramilowski2015_Baccin2019;SIGNOR;SPIKE;SPIKE_LC;STRING_talklr;UniProt_LRdb;connectomeDB2020;iTALK;scConnect;talklr,Baccin2019:11157750;Baccin2019:12809600;CellTalkDB:12809600;DIP:10187774;HPMR:12809600;HPRD:11157754;LRdb:11;LRdb:12809600;NetPath:7608141;SIGNOR:22326956;SPIKE:7608141;SPIKE_LC:7608141;connectomeDB2020:11157754;connectomeDB2020:12809600,14.0,True
TGFB_TGFBR,TGFB2,TGFBR2,manual_axis_pair;omnipath_ligrecextra,Baccin2019;CellCall;CellTalkDB;Cui2007;DLRP_talklr;EMBRACE;Fantom5_LRdb;Guide2Pharma;HINT;HPMR;HPMR_LRdb;HPMR_talklr;HPRD;HPRD_LRdb;HPRD_talklr;LRdb;NetPath;Ramilowski2015;Ramilowski2015_Baccin2019;SIGNOR;SPIKE;SPIKE_LC;STRING_talklr;SignaLink3;UniProt_LRdb;connectomeDB2020;iTALK;talklr,Baccin2019:11157754;Baccin2019:12809600;Baccin2019:8106553;CellTalkDB:11157754;HINT:28192420;HINT:28228478;HPMR:12809600;HPRD:11157754;HPRD:8106553;LRdb:11157754;LRdb:12809600;LRdb:8106553;NetPath:12729750;SIGNOR:11157754;SIGNOR:1310899;SPIKE:12729750;SPIKE_LC:12729750;SignaLink3:11157754;SignaLink3:16446785;SignaLink3:21071413;SignaLink3:23331499;connectomeDB2020:11157754;connectomeDB2020:12809600;connectomeDB2020:8106553,24.0,True
TGFB_TGFBR,TGFB2,TGFBR3,manual_axis_pair;omnipath_ligrecextra,CellPhoneDB;CellTalkDB;Cellinker;Cui2007;DIP;DLRP_Cellinker;DLRP_talklr;Fantom5_LRdb;Guide2Pharma;HPMR;HPMR_Cellinker;HPMR_LRdb;HPMR_talklr;HPRD;HPRD_LRdb;HPRD_talklr;LRdb;NetPath;Ramilowski2015;SIGNOR;SPIKE;SPIKE_LC;STRING_talklr;UniProt_LRdb;Wang;connectomeDB2020;iTALK;talklr,CellTalkDB:12809600;Cellinker:11157754;Cellinker:12809600;DIP:10519421;DIP:8041735;DIP:9312157;HPMR:12809600;HPRD:11157754;LRdb:11;LRdb:12809600;NetPath:11278442;SIGNOR:10746731;SPIKE:11278442;SPIKE_LC:11278442;connectomeDB2020:11157754;connectomeDB2020:12809600,16.0,True
TGFB_TGFBR,TGFB3,TGFBR1,manual_axis_pair;omnipath_ligrecextra,CellCall;CellTalkDB;DIP;DLRP_talklr;Fantom5_LRdb;Guide2Pharma;HINT;HPRD;HPRD_LRdb;HPRD_talklr;InnateDB;Kirouac2010;LRdb;Lit-BM-17;Ramilowski2015;STRING_talklr;UniProt_LRdb;connectomeDB2020;iTALK;scConnect;talklr,CellTalkDB:11850637;DIP:10187774;HINT:18243111;HINT:21423151;HINT:7852346;HPRD:11850637;HPRD:12060054;HPRD:12607775;InnateDB:18243111;LRdb:11850637;LRdb:12060054;LRdb:12607775;Lit-BM-17:10187774;Lit-BM-17:21423151;connectomeDB2020:11850637,15.0,True
TGFB_TGFBR,TGFB3,TGFBR2,manual_axis_pair;omnipath_ligrecextra,BioGRID;CancerCellMap;CellCall;CellTalkDB;Cui2007;DIP;DLRP_talklr;Fantom5_LRdb;Guide2Pharma;HINT;HPMR_LRdb;HPMR_talklr;HPRD;HPRD_LRdb;HPRD_talklr;InnateDB;InnateDB_SignaLink3;IntAct;LRdb;Lit-BM-17;NetPath;Ramilowski2015;SIGNOR;SPIKE;SPIKE_LC;STRING_talklr;SignaLink3;UniProt_LRdb;connectomeDB2020;iTALK;scConnect;talklr,BioGRID:11850637;BioGRID:12729750;CancerCellMap:11382746;CancerCellMap:11850637;CancerCellMap:12729750;CellTalkDB:11850637;DIP:7878020;Guide2Pharma:29170498;HINT:11850637;HINT:12729750;HINT:18243111;HINT:21423151;HINT:7852346;HINT:7878020;HPRD:11382746;HPRD:11850637;HPRD:12729750;HPRD:8106553;InnateDB:15017149;InnateDB:18243111;IntAct:11850637;IntAct:21423151;LRdb:11382746;LRdb:11850637;LRdb:12729750;LRdb:8106553;Lit-BM-17:11157754;Lit-BM-17:11850637;Lit-BM-17:12729750;Lit-BM-17:21423151;Lit-BM-17:7878020;Lit-BM-17:9872992;NetPath:11382746;SIGNOR:11157754;SPIKE:11382746;SPIKE:17145710;SPIKE_LC:11382746;SPIKE_LC:17145710;SignaLink3:11157754;SignaLink3:11382746;SignaLink3:11850637;SignaLink3:12729750;SignaLink3:15017149;SignaLink3:16446785;SignaLink3:18243111;SignaLink3:18988627;SignaLink3:21071413;SignaLink3:23180781;SignaLink3:23331499;SignaLink3:8106553;SignaLink3:9872992;connectomeDB2020:11382746;connectomeDB2020:11850637;connectomeDB2020:12729750;connectomeDB2020:8106553;scConnect:29170498,56.0,True
TGFB_TGFBR,TGFB3,TGFBR3,manual_axis_pair;omnipath_ligrecextra,CancerCellMap;CellPhoneDB;CellTalkDB;Cellinker;Cui2007;DLRP_Cellinker;DLRP_talklr;Fantom5_LRdb;Guide2Pharma;HPRD;HPRD_LRdb;HPRD_talklr;LRdb;NetPath;Ramilowski2015;SPIKE;SPIKE_LC;STRING_talklr;UniProt_LRdb;Wang;connectomeDB2020;iTALK;talklr,CancerCellMap:11382746;CellTalkDB:11382746;Cellinker:11382746;HPRD:11382746;LRdb:11382746;NetPath:11382746;SPIKE:11382746;SPIKE_LC:11382746;connectomeDB2020:11382746,9.0,True
THBS_TGFB_activation,THBS1,CD47,manual_axis_pair;omnipath_ligrecextra,CellChatDB;CellTalkDB;Cellinker;Fantom5_LRdb;Guide2Pharma;HPMR;HPMR_Cellinker;HPMR_LRdb;HPMR_talklr;HPRD;HPRD_LRdb;HPRD_talklr;LRdb;Ramilowski2015;STRING_talklr;UniProt_LRdb;Wang;connectomeDB2020;iTALK;talklr,CellTalkDB:11980922;Cellinker:10397731;Cellinker:11980922;Cellinker:15842360;Cellinker:8550562;Cellinker:9169439;Guide2Pharma:8550562;HPMR:11980922;HPRD:10397731;HPRD:8550562;HPRD:9169439;LRdb:10397731;LRdb:11980922;LRdb:8550562;LRdb:9169439;connectomeDB2020:10397731;connectomeDB2020:11980922;connectomeDB2020:8550562;connectomeDB2020:9169439,19.0,True
THBS_TGFB_activation,THBS1,ITGAV,manual_axis_pair,,,,False
THBS_TGFB_activation,THBS1,ITGB1,manual_axis_pair;omnipath_ligrecextra,CellTalkDB;Fantom5_LRdb;LRdb;Ramilowski2015;Reactome_LRdb;STRING_talklr;Wang;connectomeDB2020;iTALK;talklr,CellTalkDB:15292271;LRdb:15292271;Ramilowski2015:15292271;connectomeDB2020:15292271;talklr:15292271,5.0,True
THBS_TGFB_activation,THBS1,TGFBR1,manual_axis_pair,,,,False
THBS_TGFB_activation,THBS1,TGFBR2,manual_axis_pair,,,,False
THBS_TGFB_activation,THBS2,CD47,manual_axis_pair;omnipath_ligrecextra,CellChatDB;CellTalkDB;Cellinker;Fantom5_LRdb;HPMR_Cellinker;HPMR_LRdb;HPMR_talklr;LRdb;Ramilowski2015;SIGNOR;UniProt_LRdb;Wang;connectomeDB2020;iTALK;talklr,CellTalkDB:8550562;Cellinker:8550562;LRdb:8550562;SIGNOR:8550562;connectomeDB2020:8550562,5.0,True
THBS_TGFB_activation,THBS2,ITGAV,manual_axis_pair,,,,False
THBS_TGFB_activation,THBS2,ITGB1,manual_axis_pair;omnipath_ligrecextra,CellTalkDB;EMBRACE;Fantom5_LRdb;LRdb;Ramilowski2015;STRING_talklr;Wang;connectomeDB2020;iTALK;talklr,CellTalkDB:15292271;LRdb:15292271;Ramilowski2015:15292271;connectomeDB2020:15292271;talklr:15292271,5.0,True
THBS_TGFB_activation,THBS2,TGFBR1,manual_axis_pair,,,,False
THBS_TGFB_activation,THBS2,TGFBR2,manual_axis_pair,,,,False
VEGF_VEGFR,PGF,FLT1,manual_axis_pair;omnipath_ligrecextra,CellCall;CellChatDB;CellPhoneDB;CellTalkDB;Cellinker;DIP;DLRP_Cellinker;DLRP_talklr;Fantom5_LRdb;HINT;HPRD;HPRD_LRdb;HPRD_talklr;ICELLNET;IntAct;LRdb;Lit-BM-17;ProtMapper;REACH_ProtMapper;Ramilowski2015;SPIKE_LC;STRING_talklr;Sparser_ProtMapper;Wang;connectomeDB2020;iTALK;talklr,CellChatDB:16633338;CellTalkDB:9452434;Cellinker:14684734;Cellinker:9452434;DIP:8700872;HINT:11069911;HINT:14684734;HINT:20660291;HINT:8700872;HINT:9452434;HPRD:14684734;HPRD:9452434;ICELLNET:19029957;IntAct:14684734;LRdb:147;LRdb:9452434;Lit-BM-17:14684734;Lit-BM-17:8700872;Lit-BM-17:9452434;ProtMapper:27009237;ProtMapper:29193887;SPIKE_LC:17145710;connectomeDB2020:14684734;connectomeDB2020:9452434,24.0,True
VEGF_VEGFR,PGF,FLT4,manual_axis_pair,,,,False
VEGF_VEGFR,PGF,KDR,manual_axis_pair,,,,False
VEGF_VEGFR,PGF,NRP1,manual_axis_pair;omnipath_ligrecextra,Baccin2019;CellPhoneDB;CellTalkDB;Cellinker;DLRP_Cellinker;DLRP_talklr;EMBRACE;Fantom5_LRdb;HPMR_Cellinker;HPMR_LRdb;HPMR_talklr;HPRD;HPRD_LRdb;HPRD_talklr;ICELLNET;LRdb;Ramilowski2015;Ramilowski2015_Baccin2019;SPIKE_LC;STRING_talklr;Wang;connectomeDB2020;iTALK;talklr,Baccin2019:1198631111986310;CellTalkDB:11986311;Cellinker:11986311;HPRD:11986311;ICELLNET:9712843;LRdb:11986311;SPIKE_LC:16189514;connectomeDB2020:11986311,8.0,True
VEGF_VEGFR,PGF,NRP2,manual_axis_pair;omnipath_ligrecextra,CellPhoneDB;CellTalkDB;Cellinker;EMBRACE;Fantom5_LRdb;HPRD;HPRD_LRdb;HPRD_talklr;ICELLNET;LRdb;Ramilowski2015;SPIKE_LC;connectomeDB2020;iTALK;talklr,CellTalkDB:10748121;Cellinker:10748121;HPRD:10748121;ICELLNET:12613545;LRdb:10748121;SPIKE_LC:16189514;connectomeDB2020:10748121,7.0,True
VEGF_VEGFR,VEGFA,FLT1,manual_axis_pair;omnipath_ligrecextra,BioGRID;CellCall;CellChatDB;CellPhoneDB;CellTalkDB;Cellinker;DIP;DLRP_Cellinker;DLRP_talklr;Fantom5_LRdb;Guide2Pharma;Guide2Pharma_Cellinker;Guide2Pharma_LRdb;Guide2Pharma_talklr;HINT;HPMR;HPMR_Cellinker;HPMR_LRdb;HPMR_talklr;HPRD;HPRD_LRdb;HPRD_talklr;ICELLNET;IntAct;Kirouac2010;LRdb;Lit-BM-17;ProtMapper;REACH_ProtMapper;Ramilowski2015;SIGNOR;SPIKE_LC;STRING_talklr;Sparser_ProtMapper;UniProt_LRdb;Wang;connectomeDB2020;iTALK;scConnect;talklr,BioGRID:35874709;CellChatDB:16633338;CellTalkDB:17051153;Cellinker:15637071;Cellinker:17051153;Cellinker:8621427;Cellinker:9393862;DIP:8621427;DIP:8631822;HINT:10543948;HINT:20660291;HINT:21939755;HINT:28111021;HINT:33961781;HINT:35874709;HINT:8621427;HINT:9393862;HPMR:8356051;HPRD:17051153;HPRD:8621427;HPRD:9393862;ICELLNET:26285753;IntAct:10543948;IntAct:20660291;IntAct:33961781;IntAct:9393862;LRdb:15637071;LRdb:17051153;LRdb:8621427;LRdb:9393862;Lit-BM-17:10543948;Lit-BM-17:21939755;Lit-BM-17:8621427;Lit-BM-17:8631822;Lit-BM-17:9393862;ProtMapper:21441409;ProtMapper:22348123;ProtMapper:27009237;SIGNOR:14704231;SPIKE_LC:17145710;connectomeDB2020:15637071;connectomeDB2020:17051153;connectomeDB2020:8621427;connectomeDB2020:9393862,44.0,True
VEGF_VEGFR,VEGFA,FLT4,manual_axis_pair,,,,False
VEGF_VEGFR,VEGFA,KDR,manual_axis_pair;omnipath_ligrecextra,BEL-Large-Corpus_ProtMapper;BioGRID;CellCall;CellChatDB;CellPhoneDB;CellTalkDB;Cellinker;Cui2007;DIP;DLRP_Cellinker;DLRP_talklr;Fantom5_LRdb;Guide2Pharma;Guide2Pharma_Cellinker;Guide2Pharma_LRdb;Guide2Pharma_talklr;HINT;HPMR;HPMR_Cellinker;HPMR_LRdb;HPMR_talklr;HPRD;HPRD_LRdb;HPRD_talklr;ICELLNET;IntAct;Kirouac2010;LRdb;Lit-BM-17;ProtMapper;REACH_ProtMapper;Ramilowski2015;SIGNOR;SPIKE_LC;STRING_talklr;Sparser_ProtMapper;UniProt_LRdb;Wang;connectomeDB2020;iTALK;scConnect;talklr,BioGRID:16901919;CellChatDB:16633338;CellTalkDB:8621427;Cellinker:15637071;Cellinker:17318185;Cellinker:8621427;DIP:11333271;DIP:20145116;DIP:8621427;DIP:8631822;DIP:9556609;HINT:11333271;HINT:12716911;HINT:16423422;HINT:16901919;HINT:18325345;HINT:19818105;HINT:20145116;HINT:20660291;HINT:22207738;HINT:23374253;HINT:28303365;HINT:30236477;HPMR:8356051;HPRD:17318185;HPRD:8621427;ICELLNET:11181169;ICELLNET:1417831;IntAct:1417831;IntAct:16763549;IntAct:20145116;IntAct:20660291;IntAct:21596751;IntAct:22897854;IntAct:23374253;IntAct:23583373;LRdb:15637071;LRdb:17318185;LRdb:8621427;Lit-BM-17:11333271;Lit-BM-17:12716911;Lit-BM-17:16423422;Lit-BM-17:16763549;Lit-BM-17:18325345;Lit-BM-17:19818105;Lit-BM-17:20145116;Lit-BM-17:22897854;Lit-BM-17:23374253;Lit-BM-17:23583373;Lit-BM-17:8621427;Lit-BM-17:8631822;Lit-BM-17:9556609;ProtMapper:12189247;ProtMapper:21653826;ProtMapper:22174934;ProtMapper:24023956;ProtMapper:24079887;ProtMapper:24966171;ProtMapper:25910937;ProtMapper:27005951;ProtMapper:30514769;ProtMapper:31170000;ProtMapper:32108024;ProtMapper:32879419;ProtMapper:33737879;SIGNOR:17658244;SPIKE_LC:16763549;connectomeDB2020:15637071;connectomeDB2020:17318185;connectomeDB2020:8621427;scConnect:31023826,71.0,True
VEGF_VEGFR,VEGFA,NRP1,manual_axis_pair;omnipath_ligrecextra,BioGRID;CellPhoneDB;CellTalkDB;Cellinker;DIP;DLRP_Cellinker;DLRP_talklr;Fantom5_LRdb;HINT;HPMR_Cellinker;HPMR_LRdb;HPMR_talklr;HPRD;HPRD_LRdb;HPRD_talklr;ICELLNET;IntAct;LRdb;Lit-BM-17;Ramilowski2015;SPIKE_LC;STRING_talklr;Wang;connectomeDB2020;iTALK;talklr,BioGRID:11986311;BioGRID:20363638;CellTalkDB:11986311;Cellinker:10409677;Cellinker:11986311;Cellinker:15637071;Cellinker:16763549;Cellinker:17222790;Cellinker:9529250;DIP:10498602;DIP:11333271;DIP:9712843;HINT:11333271;HINT:11886873;HINT:11986311;HINT:16423422;HINT:16763549;HINT:17222790;HINT:17575273;HINT:18325345;HINT:20363638;HINT:21939755;HINT:22318724;HINT:30236477;HINT:9529250;HPRD:10409677;HPRD:11986311;HPRD:16763549;HPRD:17222790;HPRD:9529250;ICELLNET:11181169;ICELLNET:21653826;IntAct:16763549;IntAct:17222790;LRdb:10409677;LRdb:11986311;LRdb:15637071;LRdb:16763549;LRdb:17222790;LRdb:9529250;Lit-BM-17:10498602;Lit-BM-17:11333271;Lit-BM-17:11986311;Lit-BM-17:16423422;Lit-BM-17:16763549;Lit-BM-17:17222790;Lit-BM-17:18325345;Lit-BM-17:20363638;Lit-BM-17:21939755;Lit-BM-17:22318724;Lit-BM-17:22897854;Lit-BM-17:9529250;Lit-BM-17:9712843;SPIKE_LC:16763549;SPIKE_LC:17145710;connectomeDB2020:10409677;connectomeDB2020:11986311;connectomeDB2020:15637071;connectomeDB2020:16763549;connectomeDB2020:17222790;connectomeDB2020:9529250,61.0,True
VEGF_VEGFR,VEGFA,NRP2,manual_axis_pair;omnipath_ligrecextra,CellPhoneDB;CellTalkDB;Cellinker;DIP;DLRP_Cellinker;DLRP_talklr;ELM;Fantom5_LRdb;HINT;HPRD;HPRD_LRdb;HPRD_talklr;ICELLNET;LRdb;Ramilowski2015;STRING_talklr;Wang;connectomeDB2020;iTALK;talklr,CellTalkDB:10748121;Cellinker:10748121;DIP:10748121;ELM:26991001;HINT:17595163;HINT:26991001;HPRD:10748121;ICELLNET:11181169;LRdb:10748121;connectomeDB2020:10748121,10.0,True
VEGF_VEGFR,VEGFB,FLT1,manual_axis_pair;omnipath_ligrecextra,BioGRID;CellCall;CellChatDB;CellPhoneDB;CellTalkDB;Cellinker;DLRP_Cellinker;DLRP_talklr;Fantom5_LRdb;Guide2Pharma;Guide2Pharma_Cellinker;Guide2Pharma_LRdb;Guide2Pharma_talklr;HINT;HPMR_Cellinker;HPMR_LRdb;HPMR_talklr;HPRD;HPRD_LRdb;HPRD_talklr;ICELLNET;Kirouac2010;LRdb;ProtMapper;REACH_ProtMapper;Ramilowski2015;STRING_talklr;SignaLink3;Sparser_ProtMapper;Wang;connectomeDB2020;iTALK;scConnect;talklr,BioGRID:10409677;CellChatDB:16633338;CellTalkDB:9751730;Cellinker:9751730;HINT:10409677;HINT:20501651;HINT:9751730;HPRD:9751730;ICELLNET:11181169;ICELLNET:26285753;LRdb:97517301;LRdb:98;ProtMapper:29397867;SignaLink3:10409677;SignaLink3:18988627;SignaLink3:21071413;SignaLink3:23331499;SignaLink3:9751730;connectomeDB2020:9751730;connectomeDB2020:97517301,20.0,True
VEGF_VEGFR,VEGFB,FLT4,manual_axis_pair,,,,False
VEGF_VEGFR,VEGFB,KDR,manual_axis_pair,,,,False
VEGF_VEGFR,VEGFB,NRP1,manual_axis_pair;omnipath_ligrecextra,Baccin2019;CellPhoneDB;CellTalkDB;Cellinker;DLRP_Cellinker;DLRP_talklr;EMBRACE;Fantom5_LRdb;HINT;HPMR_Cellinker;HPMR_LRdb;HPMR_talklr;HPRD;HPRD_LRdb;HPRD_talklr;ICELLNET;LRdb;Ramilowski2015;Ramilowski2015_Baccin2019;STRING_talklr;UniProt_LRdb;connectomeDB2020;iTALK;talklr,Baccin2019:40967710409677;CellTalkDB:10409677;Cellinker:10409677;Cellinker:409677;HINT:10409677;HPRD:10409677;ICELLNET:11181169;LRdb:1041;LRdb:409677;connectomeDB2020:10409677;connectomeDB2020:409677,11.0,True
VEGF_VEGFR,VEGFB,NRP2,manual_axis_pair,,,,False
